Full Name, Email Address
Blossom Gill, blossom@xyz.edu
Hayes Delgado, nonunmy@utnisia.com
Petra Jones, ac@xyz.edu
Oleg Noel, noel@liberomauris . ca
Ahmed Miller, ahmed.miller@nequenonquam. co . uk
Macaulay Douglas, mdouglas@xyz.edu
Aurora Grant, enim.non@xyz.edu
Madison Mcintosh, mcintosh@nisiaenean.net
Montana Powell, montanap@serunagna.org
Rogan Robinson, rr . robinson@abc.edu
Simon Rivera, sri@xyz.edu
Benedict Pacheco, bpacheco@xyz.edu
Maisie Hendrix, mai.hendrix@xyz.edu
Xaviera Gould, xlg@utnisia.net
Oren Rollins, oren@senmagna.com
Flavia Santiago, flavia@utnisia.net
Jackson Owens, jackowens@xyz.edu
Britanni Humphrey, britanni@ut . net
Kirk Nixon, kirknixon@xyz.edu
Bree Campbell, breee@utnisia.net
